,artist_name,song_name,score,chart_index,year,decade
0,להקת חיל הים,מה אברך,0.5207667731629393,4,1969,1960
1,"להקת הנח""ל","קרנבל בנח""ל",0.6375,9,1969,1960
2,אבי טולדנו,עם רדת יום,0.48538754764930114,8,1969,1960
3,"להקת הנח""ל",בשמלה אדומה,0.37668161434977576,11,1969,1960
4,אריק איינשטיין,פראג,0.6741214057507987,13,1969,1960
5,חוה אלברשטיין,מרדף,0.7673611111111112,15,1969,1960
6,להקת חיל הים,רק בישראל,0.6442105263157895,19,1969,1960
7,"צוות הווי של הנח""ל",חורשת האיקליפטוס,0.47104247104247104,22,1969,1960
8,עמי שביט,הפרח הלבן,0.8271954674220963,17,1969,1960
9,אבי טולדנו,ראיתי את הקיץ,0.5154639175257731,21,1969,1960
10,אילנית,שיר בארבעה בתים,0.39690721649484534,20,1969,1960
11,"להקת הנח""ל",שיר לשלום,0.7137476459510358,5,1970,1970
12,שלמה ארצי,פתאום עכשיו פתאום היום,0.500772797527048,1,1970,1970
13,יגאל בשן,לצפון באהבה,0.6498771498771498,3,1970,1970
14,אריק איינשטיין ושלום חנוך,למה לי לקחת ללב,0.5844504021447721,2,1970,1970
15,מוטי פליישר,אבשלום,0.6489226869455006,8,1970,1970
16,רבקה זהר,ליד המסילה,0.5620347394540943,14,1970,1970
17,חוה אלברשטיין,משירי ארץ אהבתי,0.5855457227138643,16,1970,1970
18,יגאל בשן,עושה שלום,0.5,17,1970,1970
19,רבקה זהר,בן יפה נולד,0.619281045751634,18,1970,1970
20,להקת חיל הים,אנשי הדממה,0.44314868804664725,20,1970,1970
21,יהורם גאון,הינני כאן,0.5568797399783315,7,1971,1970
22,אילנה רובינא,לך איתה,0.4620811287477954,8,1971,1970
23,אילן ואילנית,חופשי ומאושר,0.44844517184942717,5,1971,1970
24,להקת פיקוד הצפון,מתוק מתוק,0.340896199659671,1,1971,1970
25,אריק איינשטיין,אני ואתה,0.3943217665615142,3,1971,1970
26,להקת פיקוד הדרום,שבחי מעוז,0.4965753424657534,10,1971,1970
27,חדוה ודוד,אני חולם על נעמי,0.49501246882793015,2,1971,1970
28,אריק איינשטיין וג'וזי כץ,מה איתי,0.37598425196850394,12,1971,1970
29,עדנה לב,ידיד נפש,0.7074829931972789,16,1971,1970
30,יגאל בשן,מודד המדרכות,0.7277227722772277,20,1971,1970
31,משפחת ירקוני,פמלה,0.5841463414634146,23,1971,1970
32,אילן ואילנית,רינגולי,0.6564102564102564,24,1971,1970
33,ששי קשת,ותבוא עליכם הברכה,0.5523809523809524,11,1971,1970
34,אחרית הימים,יש לי יום הולדת,0.3992297817715019,8,1972,1970
35,שלמה ארצי,אל תשאל ילד,0.4678111587982833,5,1972,1970
36,צוות הווי חטיבת הצנחנים ושלישיית פיקוד המרכז,מסביב למדורה,0.2706422018348624,3,1972,1970
37,בעז שרעבי,חייך וחיי,0.6554054054054054,2,1972,1970
38,אלי מגן,עד סוף הקיץ,0.5213849287169042,6,1972,1970
39,להקת חיל הים,חסקה,0.6285289747399703,9,1972,1970
40,יגאל בשן,מה נשתנה,0.4988095238095238,13,1972,1970
41,אל תקרא לי שחור,יום יבוא,0.32217847769028873,16,1972,1970
42,אילנית,לאורך השדרה שאין בה איש,0.7178899082568807,7,1972,1970
43,יהורם גאון,רחל,0.7952755905511811,18,1972,1970
44,עקיבא נוף,איזבל,0.481651376146789,20,1972,1970
45,שלמה ארצי,דרך שתי נקודות,0.6259426847662142,22,1972,1970
46,אילנה רובינא,בלדה על נערי שגדל,0.8043052837573386,10,1972,1970
47,אילנית,אי שם,0.5915221579961464,2,1973,1970
48,גבי שושן,שש עשרה מלאו לנער,0.4935437589670014,5,1973,1970
49,צביקה פיק,סימנים,0.5112781954887218,9,1973,1970
50,הנשמות הטהורות,אחכה לך,0.5022900763358779,12,1973,1970
51,גבי שושן,בראשית,0.4665523156089194,14,1973,1970
52,מתי כספי,אחותי הקטנה,0.32858837485172004,20,1973,1970
53,שלמה ארצי,אומרים ישנה ארץ,0.4781382228490832,23,1973,1970
54,עדנה לב,ספר לי כוכב,0.8174904942965779,19,1973,1970
55,חבורת בימות,לשיר זה כמו להיות ירדן,0.7548076923076923,18,1973,1970
56,צוות הווי הנדסה קרבית,ברחוב הנשמות הטהורות,0.5679012345679012,17,1973,1970
57,כוורת,יו יה,0.6243093922651933,3,1974,1970
58,כוורת,נתתי לה חיי,0.6197021764032073,1,1974,1970
59,נעמי שמר והגשש החיוור,לו יהי,0.49742268041237114,2,1974,1970
60,יגאל בשן,קפה אצל ברטה,0.6484687083888149,6,1974,1970
61,עוזי פוקס,אין לך מה לדאוג,0.5864779874213837,5,1974,1970
62,נתנאלה,שיר היונה,0.42731277533039647,12,1974,1970
63,יגאל בשן,לקראת שבת,0.71671388101983,11,1974,1970
64,אבי טולדנו,מה חשוב היום,0.518910741301059,13,1974,1970
65,הגשש החיוור,אף אחד לא קם,0.6645602948920485,17,1974,1970
66,רותי נבון,חשמל בכפות ידיך,0.37009345794392523,22,1974,1970
67,דודו זכאי,נפגשנו שוב,0.6666666666666666,19,1974,1970
68,חוה אלברשטיין,כמו צמח בר,0.8065764023210832,5,1975,1970
69,כוורת,גוליית,0.6344322344322344,1,1975,1970
70,שלמה ארצי,את ואני,0.6929133858267716,4,1975,1970
71,הגשש החיוור,נא,0.5747011952191236,6,1975,1970
72,יגאל בשן,יש לי ציפור קטנה בלב,0.5906040268456376,10,1975,1970
73,כוורת,טנגו צפרדעים,0.7180555555555556,8,1975,1970
74,צוות הווי חטיבת הצנחנים,בארץ אהבתי השקד פורח,0.3581183611532625,3,1975,1970
75,צביקה פיק,אני אוהב אותך לאה,0.6587155963302752,14,1975,1970
76,אורי שבח,ארץ אהובה,0.6470588235294118,13,1975,1970
77,"חנן יובל, דורית ראובני ודני כץ","פגישה, חצי פגישה",0.6171617161716172,15,1975,1970
78,אריק לביא,זה קורה,0.3617391304347826,19,1975,1970
79,הגשש החיוור,זאת שמעל לכל המצופה,0.5850487540628385,17,1975,1970
80,דודו זכאי,משחקים,0.8083832335329342,22,1975,1970
81,יגאל בשן ותיקי דיין,בואי נעשה לנו חג,0.5474592521572388,23,1975,1970
82,אושיק לוי,לא הכרתי אותך,0.6326530612244898,16,1975,1970
83,כוורת,שיר המחירון,0.480225988700565,25,1975,1970
84,נתנאלה,בן,0.6910197869101978,21,1975,1970
85,אילנית,שיר של יום חולין,0.6633802816901408,9,1976,1970
86,אריאל זילבר,רוצי שמוליק קורא לך,0.6201413427561837,1,1976,1970
87,כוורת,לו לו,0.5215605749486653,8,1976,1970
88,שוקולד מנטה מסטיק,אמור שלום,0.30342384887839435,3,1976,1970
89,חוה אלברשטיין,את תלכי בשדה,0.631376323387873,2,1976,1970
90,אריק איינשטיין,זו אותה האהבה,0.6382978723404256,10,1976,1970
91,תמוז,סוף עונת התפוזים,0.703125,7,1976,1970
92,הכל עובר חביבי,החגיגה נגמרת,0.486404833836858,12,1976,1970
93,תמוז,ככה את רצית אותי,0.5120481927710844,17,1976,1970
94,כוורת,היא כל כך יפה,0.6187050359712231,13,1976,1970
95,האחים והאחיות,כמו בלדה,0.39547038327526135,19,1976,1970
96,מתי כספי,ברית עולם,0.5612903225806452,15,1976,1970
97,אריק איינשטיין,ערב מול הגלעד,0.7111111111111111,22,1976,1970
98,צביקה פיק וג'וזי כץ,פרפרה,0.6365546218487395,20,1976,1970
99,נאוה ברוכין,שיר הבוקר,0.8755364806866953,14,1976,1970
100,גילה אלמגור,וידוי,0.5987544483985765,25,1976,1970
101,כוורת,מדינה קטנה,0.6032831737346102,26,1976,1970
102,שלישיית המעפיל,אהבת ערב,0.8456057007125891,23,1976,1970
103,אילנית,אהבה היא שיר לשניים,0.4967845659163987,3,1977,1970
104,יהודית רביץ,סליחות,0.4270676691729323,1,1977,1970
105,צביקה פיק,אהבה בסוף הקיץ,0.5292338709677419,4,1977,1970
106,רוחמה רז,רקפת,0.6144278606965174,7,1977,1970
107,אילנה אביטל,אותך,0.6264236902050114,10,1977,1970
108,מתי כספי,אין שלווה,0.5381026438569206,11,1977,1970
109,שלמה ארצי,מה את רוצה שאומר לך היום,0.325115562403698,16,1977,1970
110,אלכסנדרה,נפשי כלתה לחרוזים,0.8991228070175439,12,1977,1970
111,האחים והאחיות,בערוב היום,0.7485029940119761,13,1977,1970
112,שלום חנוך,אדם בתוך עצמו,0.6136919315403423,20,1977,1970
113,נאוה ברוכין,שיר לאהבה,0.3094890510948905,22,1977,1970
114,אריק לביא,אני אשיר לך שיר,0.41480206540447506,25,1977,1970
115,יגאל בשן ויזהר כהן,משפחת צנעני,0.8036649214659686,23,1977,1970
116,גלי עטרי,נסיך החלומות,0.5414012738853503,6,1978,1970
117,צביקה פיק,נאסף תשרי,0.5319148936170213,1,1978,1970
118,יזהר כהן ואלפא ביתא,אבניבי,0.38633540372670805,2,1978,1970
119,יעל לוי ודויד ברוזה,שיר אהבה בדואי,0.7279521674140508,7,1978,1970
120,יהורם גאון,עוד לא אהבתי די,0.4503735325506937,4,1978,1970
121,עוזי חיטמן,רציתי שתדע,0.6529516994633273,5,1978,1970
122,שלמה ארצי,את אינך יודעת,0.658493870402802,14,1978,1970
123,חוה אלברשטיין,סינדרלה מקומית,0.6729475100942126,15,1978,1970
124,אריק איינשטיין,סוס עץ,0.5106589147286822,12,1978,1970
125,שימי תבורי,אין לי אהבה,0.4868421052631579,17,1978,1970
126,יהודית רביץ,מישהו,0.48188405797101447,24,1978,1970
127,יהודית רביץ ודני ליטני,לא טוב היות האדם לבדו,0.23045267489711935,25,1978,1970
128,חוה אלברשטיין,פרח משוגע,0.5826210826210826,29,1978,1970
129,יהודית רביץ,לקחת את ידי בידך,0.6573913043478261,6,1979,1970
130,צביקה פיק,לא אני,0.6831683168316832,5,1979,1970
131,חלב ודבש,הללויה,0.5430622009569378,1,1979,1970
132,הכבש השישה עשר,גן סגור,0.3676300578034682,7,1979,1970
133,שוקי ודורית,גן נעול,0.42278481012658226,3,1979,1970
134,עפרה חזה,שיר הפרחה,0.5672451193058569,8,1979,1970
135,שימי תבורי,כינור דוד,0.5785837651122625,13,1979,1970
136,גזוז,תשע בכיכר,0.6882530120481928,12,1979,1970
137,יהודית רביץ,אהבה יומיומית,0.6351931330472103,15,1979,1970
138,ריקי גל,ילד רע,0.610912343470483,14,1979,1970
139,גזוז,לכבוד הקיץ,0.6765027322404371,23,1979,1970
140,גלי עטרי,דרך ארוכה,0.5477707006369427,26,1979,1970
141,חוה אלברשטיין,תקופות השנה,0.7096385542168675,21,1979,1970
142,יגאל בשן,רקדו את השלום,0.5780487804878048,29,1979,1970
143,גידי גוב,בואי נישאר,0.4472573839662447,30,1979,1970
144,האחים והאחיות,בכל מקום,0.7465437788018433,27,1979,1970
145,שלמה ארצי,אני שומע שוב,0.7985739750445633,4,1980,1980
146,צביקה פיק,על חטא,0.5702576112412178,2,1980,1980
147,שלמה ארצי,צוותא,0.524983344437042,11,1980,1980
148,עפרה חזה,שיר אהבה לחייל,0.43229689067201604,13,1980,1980
149,צביקה פיק,אלה סינדרלה,0.4777777777777778,15,1980,1980
150,חלב ודבש,גלגל ענק,0.37355718782791186,1,1980,1980
151,עפרה חזה,כמו ציפור,0.4055793991416309,20,1980,1980
152,רוחמה רז,חלומות,0.45219123505976094,24,1980,1980
153,סקסטה,אני עושה לי מנגינות,0.5474372955288986,27,1980,1980
154,ריקי גל,לגור איתו,0.5083743842364532,22,1980,1980
155,נורית גלרון,בודדים אומרים,0.84,28,1980,1980
156,שלמה ארצי,לא עוזב את העיר,0.5300261096605744,3,1981,1980
157,תיסלם,לראות אותה היום,0.5890207715133531,1,1981,1980
158,תיסלם,רדיו חזק,0.5958188153310104,2,1981,1980
159,אריק איינשטיין,היא יושבה לחלון,0.4251968503937008,13,1981,1980
160,יצחק קלפטר,אני ואת אז,0.8041733547351525,11,1981,1980
161,אריק סיני,בשעה שכזאת,0.6101694915254238,14,1981,1980
162,גלי עטרי,עד שנשיב,0.8012170385395537,6,1981,1980
163,עפרה חזה,תפילה,0.3402948402948403,7,1981,1980
164,הכל עובר חביבי,הלילה,0.3254950495049505,5,1981,1980
165,דודה,אלף כבאים,0.40716612377850164,12,1981,1980
166,שלמה ארצי,יום אחד,0.675263774912075,19,1981,1980
167,יגאל בשן,סיוון,0.5409015025041736,4,1981,1980
168,יוסי בנאי,על כל אלה,0.4891443167305236,16,1981,1980
169,מני בגר,זה היה ביתי,0.5977165883143049,18,1981,1980
170,שימי תבורי,תני לי את הלב,0.60828025477707,10,1981,1980
171,עפרה חזה,סימנים של אוהבים,0.3898832684824903,26,1981,1980
172,אסתר שמיר,במקום הכי נמוך בתל אביב,0.5425790754257908,29,1981,1980
173,זוהר ארגוב,הפרח בגני,0.5572625698324022,4,1982,1980
174,איזולירבנד,מלודי,0.44556677890011226,3,1982,1980
175,בנזין,יום שישי,0.5814220183486238,1,1982,1980
176,אבי טולדנו,הורה,0.35963114754098363,2,1982,1980
177,יגאל בשן,האמיני לי,0.5866336633663366,10,1982,1980
178,יהורם גאון,לילה טוב לאהבה,0.6006144393241167,13,1982,1980
179,שימי תבורי,עוד סיפור אחד של אהבה,0.4481012658227848,9,1982,1980
180,עפרה חזה,כל יום מתחילה שנה,0.33584905660377357,11,1982,1980
181,בנזין,חופשי זה לגמרי לבד,0.3694581280788177,19,1982,1980
182,יגאל בשן,רוצה הביתה,0.601010101010101,23,1982,1980
183,צביקה פיק,הסבון בכה מאוד,0.5527638190954773,27,1982,1980
184,שלום חנוך,שיר דרך,0.6462212486308871,30,1982,1980
185,מני בגר,עייף מכדי לקום,0.7472375690607734,25,1982,1980
186,יגאל בשן ויצחק קלפטר,שנינו ביחד,0.37578814627994955,17,1982,1980
187,עפרה חזה,מלכת הקסמים,0.4614624505928854,24,1982,1980
188,גלי עטרי,לא יודעת,0.3761467889908257,26,1982,1980
189,שולה חן,אימא,0.6521739130434783,14,1982,1980
190,דני סנדרסון,פקששתי,0.6579310344827586,20,1982,1980
191,אריק איינשטיין,יושב על הגדר,0.44527363184079605,4,1983,1980
192,תיסלם,בוקר של כיף,0.5193236714975845,3,1983,1980
193,זוהר ארגוב,סיימתי מילואים,0.5115020297699594,10,1983,1980
194,אפרים שמיר,רוקד לקול הבנות,0.5666666666666667,9,1983,1980
195,תיסלם,שנה שנייה,0.7676767676767676,14,1983,1980
196,הכל עובר חביבי,תלווי אותי,0.5077120822622108,12,1983,1980
197,שלמה ארצי,הרדופים,0.843441466854725,16,1983,1980
198,עפרה חזה,חי,0.35140771637122004,1,1983,1980
199,אריאל זילבר,בחברה להגנת הטבע,0.38235294117647056,2,1983,1980
200,הקליק,כל האמת,0.5660377358490566,11,1983,1980
201,גידי גוב,טוב שבאת,0.5638474295190713,20,1983,1980
202,בנזין,תני לי סיבה,0.7040998217468806,15,1983,1980
203,יגאל בשן,בעוד שנה אני חוזר,0.5485294117647059,17,1983,1980
204,בנזין,בית משותף,0.8022222222222222,19,1983,1980
205,חני ליבנה,אישה,0.8934010152284264,24,1983,1980
206,אריק סיני,הביתה,0.8888888888888888,26,1983,1980
207,תיסלם,חצבים פורחים,0.6765432098765433,30,1983,1980
208,עפרה חזה,גבריאל,0.6007604562737643,35,1983,1980
209,בננה,מדונה,0.5785714285714286,34,1983,1980
210,מאיר בנאי,מחפש את הכיוון,0.8064516129032258,40,1983,1980
211,בנזין,משמרת לילה,0.7192052980132451,5,1984,1980
212,בעז שרעבי,אצלי הכול בסדר,0.44786729857819907,4,1984,1980
213,ירדנה ארזי,הביתה,0.6853448275862069,6,1984,1980
214,תיסלם,כוכבים,0.5857988165680473,13,1984,1980
215,עפרה חזה,יד ביד,0.547576301615799,8,1984,1980
216,ירדנה ארזי,אתה לי ארץ,0.6402535657686212,11,1984,1980
217,בנזין,קחי אותי הביתה,0.6661367249602543,15,1984,1980
218,חופים,אנשי הגשם,0.7569955817378498,16,1984,1980
219,יהורם גאון,לא תנצחו אותי,0.6453781512605042,22,1984,1980
220,אילנית,שיר על נחלים,0.3457814661134163,26,1984,1980
221,אושיק לוי,כמו בסרט,0.7619047619047619,29,1984,1980
222,יובל בנאי,מכת שמש,0.666030534351145,23,1984,1980
223,שלום חנוך,על פני האדמה,0.6405693950177936,35,1984,1980
224,אריק איינשטיין,עוד ניפגש,0.5008291873963516,33,1984,1980
225,עפרה חזה,איתך הלילה,0.48707482993197276,28,1984,1980
226,הקליק,אל תדליקו לי נר,0.33112582781456956,34,1984,1980
227,יגאל בשן,אני נשבע בשם הבלוז,0.48919449901768175,36,1984,1980
228,לאה לופטין,דם הגפן,0.6258503401360545,38,1984,1980
229,אריאל זילבר,אני שוכב לי על הגב,0.5,30,1984,1980
230,שמוליק קראוס ואילן וירצברג,רואים רחוק רואים שקוף,0.5376532399299475,31,1984,1980
231,שלום חנוך,מחכים למשיח,0.7243377483443708,3,1985,1980
232,דני סנדרסון,מה הדאווין שלך,0.5823970037453183,11,1985,1980
233,עפרה חזה,אדמה,0.7333333333333333,5,1985,1980
234,יזהר כהן,עולה עולה,0.48120300751879697,2,1985,1980
235,אלון אולארצ'יק,בא לשכונה בחור חדש,0.45285359801488834,13,1985,1980
236,עפרה חזה,גורל אחד,0.303347280334728,16,1985,1980
237,מאיר בנאי,שירו של שפשף,0.39169909208819714,18,1985,1980
238,שלום חנוך,דז'ה וו,0.6679462571976967,20,1985,1980
239,ירדנה ארזי,עוד נגיע,0.3275462962962963,4,1985,1980
240,עפרה חזה,מישהו הולך תמיד איתי,0.7093862815884476,19,1985,1980
241,"להקת הנח""ל",שרית הספרית,0.5808625336927223,24,1985,1980
242,בעז שרעבי,תני לי יד,0.633177570093458,23,1985,1980
243,מתי כספי,ילדותי השנייה,0.5525114155251142,26,1985,1980
244,אלון אולארצ'יק,היא הולכת בדרכים,0.602,28,1985,1980
245,כמו צועני,כמו צועני,0.6675073560319462,6,1985,1980
246,"ירדנה ארזי ולהקת הנח""ל",דרישת שלום,0.4542897327707454,12,1985,1980
247,חנן יובל,ואם השיר הזה נשמע לכם מוכר,0.497737556561086,22,1985,1980
248,דורי בן זאב,גנבים,0.5356622998544396,29,1985,1980
249,ירדנה ארזי,יש ונדמה,0.9084967320261438,33,1985,1980
250,מתי כספי,שיר עם נקי,0.4792243767313019,36,1985,1980
251,אלון אולארצ'יק,גלים גלים,0.6658653846153846,37,1985,1980
252,ירדנה ארזי,לא נעצור,0.40762812872467225,27,1985,1980
253,שמוליק צ'יזיק,אף אחד לא מזיל דמעה,0.5363881401617251,40,1985,1980
254,שרון ליפשיץ,גידי,0.6282578875171467,39,1985,1980
255,טנגו,עיניים ירוקות,0.5669099756690997,17,1985,1980
256,טנגו ואלון אולארצ'יק,או שאתה שר או שלוקחים אותך מפה,0.687392055267703,30,1985,1980
257,אילן וירצברג,על מדרגות התיאטרון,0.42628774422735344,35,1985,1980
258,חיים משה,תן לזמן ללכת,0.42140151515151514,21,1985,1980
259,טנגו,ריקוד לאור ירח,0.4412094064949608,38,1985,1980
260,ריטה,שביל הבריחה,0.5678391959798995,1,1986,1980
261,משינה,היא התווכחה איתו שעות,0.728021978021978,7,1986,1980
262,שלמה ארצי,נרקוד נשכח,0.5006784260515604,2,1986,1980
263,ריטה,שיר אהובת הספן,0.5909090909090909,8,1986,1980
264,משינה,בלדה לסוכן כפול,0.595448798988622,12,1986,1980
265,ריטה,עבד של הזמן,0.5952095808383233,11,1986,1980
266,ריטה,בגידה,0.6818181818181818,16,1986,1980
267,ירדנה ארזי,שוב בתמונה,0.6333333333333333,3,1986,1980
268,שלמה ארצי,הרדיו הישן,0.5059121621621622,18,1986,1980
269,ירדנה ארזי,באתי אליך,0.7203065134099617,15,1986,1980
270,גלי עטרי,אסמרלדה,0.6131840796019901,5,1986,1980
271,ירדנה ארזי,שהשמש תעבור עליי,0.6199261992619927,19,1986,1980
272,אבי טולדנו,תרקדי את הלילה,0.5682210708117443,10,1986,1980
273,אבי טולדנו,בכל הכוח,0.5314814814814814,17,1986,1980
274,שרון ליפשיץ,קולנוע,0.806312769010043,14,1986,1980
275,שלמה ארצי,שדות של אירוסים,0.47959183673469385,34,1986,1980
276,משה דץ,עכשיו היא,0.6707818930041153,31,1986,1980
277,גלי עטרי,אין לי ארץ אחרת,0.35294117647058826,37,1986,1980
278,מני בגר,בוקר של חמסין,0.5177777777777778,38,1986,1980
279,כמו צועני,מה נשאר לי,0.7175043327556326,29,1986,1980
280,גלי עטרי,סתיו ישראלי,0.7591397849462366,28,1986,1980
281,פופלקס,איציק,0.6957983193277311,40,1986,1980
282,משינה,שלח לי מלאך,0.6529562982005142,8,1987,1980
283,יהודית רביץ,באה מאהבה,0.7625418060200669,1,1987,1980
284,דני סנדרסון,אצל הדודה והדוד,0.654357459379616,6,1987,1980
285,גידי גוב,כמעט סתיו,0.4823529411764706,14,1987,1980
286,ריטה,רגע פרטי,0.7604938271604939,16,1987,1980
287,דפנה ארמוני,היא תיקח אותך,0.4631111111111111,17,1987,1980
288,רמי קלינשטיין,ביום של הפצצה,0.7438202247191011,24,1987,1980
289,עפרה חזה,הכאב הזה,0.5297532656023222,21,1987,1980
290,ריטה,תחת ירח ערבי,0.6795580110497238,29,1987,1980
291,אדם,סוד,0.7579908675799086,3,1987,1980
292,אדם,אין מוצא,0.4133545310015898,7,1987,1980
293,ריקי גל,מערבה מכאן,0.8609271523178808,32,1987,1980
294,אריק איינשטיין,אוהב להיות בבית,0.3070953436807095,35,1987,1980
295,יזהר כהן,צומת דרכים,0.7106598984771574,19,1987,1980
296,מיקי קם,קזינו עולמי,0.6048034934497817,25,1987,1980
297,ירדנה ארזי,במערבולת,0.7692307692307693,34,1987,1980
298,נורית גלרון,זה הגשם,0.6729323308270677,39,1987,1980
299,טובה גרטנר,אתמול,0.4115755627009646,41,1987,1980
300,רבקה זהר,חלקת אלוהים,0.5775127768313458,36,1987,1980
301,הראלה בר,קשה בלילה,0.8311688311688312,43,1987,1980
302,גלי עטרי,תני לו פרח,0.4049079754601227,40,1987,1980
303,ריטה,הנסיכה והרוח,0.6827033218785796,6,1988,1980
304,שלמה ארצי,תחת שמי ים התיכון,0.595679012345679,7,1988,1980
305,ריטה,עטוף ברחמים,0.577683615819209,5,1988,1980
306,ריטה,ימי התום,0.7641509433962265,12,1988,1980
307,ריטה,אני חיה לי מיום ליום,0.5163398692810458,9,1988,1980
308,משינה,אהובתי,0.5572916666666666,15,1988,1980
309,ירדנה ארזי ויהורם גאון,אדם אחר,0.6143572621035058,10,1988,1980
310,ירדנה ארזי,היא רוקדת,0.3977635782747604,8,1988,1980
311,שלמה ארצי,נבראתי לך,0.6379310344827587,18,1988,1980
312,ירדנה ארזי,עגילי דמאר,0.8068376068376069,3,1988,1980
313,ירדנה ארזי,בן אדם,0.34238603297769155,4,1988,1980
314,גלי עטרי,מקיץ אל החלום,0.32863436123348017,17,1988,1980
315,גלי עטרי,רק אתמול,0.6542056074766355,25,1988,1980
316,יהודית רביץ,שבתות וחגים,0.6556603773584906,29,1988,1980
317,שלמה ארצי,ארץ חדשה,0.7135007849293563,30,1988,1980
318,גלי עטרי ושמעון גלבץ,נ.ב.,0.4017094017094017,27,1988,1980
319,אילנה אביטל,סוף הצד,0.859504132231405,32,1988,1980
320,מוני ארנון,תמונה שבורה,0.44597989949748745,19,1988,1980
321,יהודה פוליקר,חלון לים התיכון,0.6992700729927007,35,1988,1980
322,יהודית רביץ,סוף לסיפור,0.672566371681416,39,1988,1980
323,שושנה דמארי,אור,0.6263736263736264,16,1988,1980
324,עפרה חזה,השנה אינשאללה,0.36662286465177396,26,1988,1980
325,אדם,תמונות,0.52367941712204,28,1988,1980
326,דורון מזר,שיר הבחורים,0.6473684210526316,37,1988,1980
327,אדם,לא לוקח בקלות,0.5354938271604939,40,1988,1980
328,אורנה ומשה דץ,שיר למענך,0.6757741347905283,44,1988,1980
329,משינה,שלג צח,0.6358024691358025,48,1988,1980
330,שלמה יידוב,חולם בספרדית,0.41161178509532065,47,1988,1980
331,ירדנה ארזי,כמו בהתחלה,0.6939313984168866,38,1988,1980
332,פנצ'ר,שיר מולדת,0.7735849056603774,46,1988,1980
333,ריטה,מחול מטורף,0.5567190226876091,10,1989,1980
334,דני רובס,איך הוא שר,0.6095890410958904,2,1989,1980
335,ריטה,בוא,0.5136612021857924,12,1989,1980
336,מנגו,חלק משלומי,0.4116485686080948,13,1989,1980
337,חוה אלברשטיין,לונדון,0.7337110481586402,14,1989,1980
338,משינה,רני בפריז,0.6948818897637795,17,1989,1980
339,חיים משה,נשבע,0.5755813953488372,21,1989,1980
340,גילי וגלית,דרך המלך,0.46051032806804376,20,1989,1980
341,נורית גלרון,אחרינו המבול,0.5819032761310452,23,1989,1980
342,ריטה,כמו בתמונה,0.9096989966555183,30,1989,1980
343,מנגו,רגע,0.6833855799373041,31,1989,1980
344,קורין אלאל,אנטארקטיקה,0.37166900420757365,9,1989,1980
345,אופירה ורוית יוספי,כל אחד יכול,0.6480331262939959,22,1989,1980
346,שאול צירלין,סוכר,0.5132819194515853,19,1989,1980
347,ראובן לביא,כשהוא חוזר הביתה,0.4561933534743202,39,1989,1980
348,אבי דור,מביט מהצד,0.48086124401913877,35,1989,1980
349,משינה,אז למה לי פוליטיקה עכשיו,0.5745118191161357,7,1990,1990
350,ריטה,שרה ברחובות,0.6607843137254902,3,1990,1990
351,נוער שוליים,ענוג,0.5560538116591929,4,1990,1990
352,נוער שוליים,אמסטרדם,0.6434599156118144,10,1990,1990
353,נוער שוליים,סיזיפה,0.7011278195488722,6,1990,1990
354,נוער שוליים,ציירי לך שפם,0.31645569620253167,1,1990,1990
355,ליליה,גבר באמבטיה,0.6551724137931034,13,1990,1990
356,שלמה ארצי,רוקר חיי,0.6452004860267315,17,1990,1990
357,רמי פורטיס,חלום כחול,0.5474209650582362,19,1990,1990
358,משינה,הכוכבים דולקים על אש קטנה,0.45323741007194246,22,1990,1990
359,שלומי שבת,בגלל הרוח,0.6326530612244898,23,1990,1990
360,אתניX,ציפור מדבר,0.3931034482758621,2,1990,1990
361,רפי פרסקי,כמה פעמים,0.5914285714285714,21,1990,1990
362,פורטיסחרוף,אמריקה,0.48874172185430464,25,1990,1990
363,אטרף,שולה,0.6613545816733067,26,1990,1990
364,אתניX,שניים שניים,0.33967391304347827,16,1990,1990
365,משינה,העמותה לחקר התמותה,0.6322463768115942,36,1990,1990
366,רפי פרסקי,מיליון דולר,0.5138297872340426,40,1990,1990
367,דפנה דקל ותופעת דופלר,זמנים משתנים,0.5807174887892377,34,1990,1990
368,שלום חנוך,ככה וככה,0.5926430517711172,9,1991,1990
369,גידי גוב,למה ליבך כמו קרח,0.7376093294460642,6,1991,1990
370,יהודה פוליקר,פחות אבל כואב,0.4613220815752461,7,1991,1990
371,אתי אנקרי,רואה לך בעיניים,0.5062893081761006,5,1991,1990
372,אורנה ומשה דץ,כאן,0.3723196881091618,3,1991,1990
373,דורי בן זאב,לאה גנוב,0.5491698595146871,14,1991,1990
374,יהודה פוליקר,הצל ואני,0.8223684210526315,16,1991,1990
375,גידי גוב,נאחז באוויר,0.5622641509433962,18,1991,1990
376,נוער שוליים,מותק,0.6579925650557621,19,1991,1990
377,ריטה ואתניX,אגדת השמש והירח,0.6167763157894737,12,1991,1990
378,אתניX,אמונה,0.8634920634920635,11,1991,1990
379,יהודית רביץ,אפריקה,0.7297830374753451,25,1991,1990
380,נוער שוליים,לא אטוש את ידך,0.5419161676646707,22,1991,1990
381,אתניX,כתם הפרי,0.6596153846153846,2,1991,1990
382,משינה,אחכה לך בשדות,0.5582901554404145,32,1991,1990
383,פונץ',אני מאוהב בבחורה מבת ים,0.6002728512960437,31,1991,1990
384,שלום חנוך,בגלגול הזה,0.6049004594180705,34,1991,1990
385,משינה,הכוכבים דולקים על אש קטנה,0.45323741007194246,38,1991,1990
386,רוקפור,שוב לא שקט,0.5481283422459893,23,1991,1990
387,טיפקס,הרבי ג'ו כפרה,0.5688073394495413,8,1992,1990
388,ירון חדד,זודיאק,0.4864,5,1992,1990
389,שלמה ארצי ועמיר לב,אני בא,0.4590347923681257,3,1992,1990
390,קורין אלאל,זן נדיר,0.36436170212765956,9,1992,1990
391,אתניX,תותים,0.45365168539325845,2,1992,1990
392,מאיר בנאי,וביניהם,0.649616368286445,12,1992,1990
393,יזהר אשדות,איש השוקולד,0.7,11,1992,1990
394,יזהר אשדות,הלילות שלנו,0.5233160621761658,13,1992,1990
395,ירדנה ארזי,ילדה יחפה,0.4991055456171735,7,1992,1990
396,שלמה ארצי,ירח,0.6588003933136677,20,1992,1990
397,דפנה דקל,זה רק ספורט,0.502092050209205,17,1992,1990
398,גלי עטרי,חזקה מהרוח,0.5804794520547946,6,1992,1990
399,שפיות זמנית,פרחים לבנים,0.6923076923076923,26,1992,1990
400,מאיר בנאי,שער הרחמים,0.562874251497006,14,1992,1990
401,יזהר אשדות,מה תאמרי,0.6027874564459931,21,1992,1990
402,דרמה,מסכה,0.8767908309455588,22,1992,1990
403,אתניX,שיר ישן,0.5714285714285714,15,1992,1990
404,מיקיאגי,רציתי להחליף,0.4742138364779874,27,1992,1990
405,שלמה ארצי,ואלס בחמש ושלושים,0.7079889807162535,32,1992,1990
406,יזהר אשדות,מלך שלך,0.6263399693721287,31,1992,1990
407,ירדנה ארזי,שיר אישה בחורף,0.36996336996337,19,1992,1990
408,גלי עטרי,ביום שאחרי,0.6719681908548708,33,1992,1990
409,ריטה,חיזיון מקומי,0.7651757188498403,34,1992,1990
410,דוד ד'אור,סוס ללא רוכב,0.7126436781609196,39,1992,1990
411,דוד ד'אור,שמור על העולם,0.7209302325581395,8,1993,1990
412,משינה,נגעה בשמיים,0.5256124721603563,13,1993,1990
413,יהודית רביץ,תמונה,0.8193384223918575,14,1993,1990
414,אתי אנקרי,קראת לי אסתר,0.8110599078341014,3,1993,1990
415,משינה,גברת שרה השכנה,0.7444976076555024,17,1993,1990
416,דוד ד'אור,אני עף,0.5263157894736842,12,1993,1990
417,אתי אנקרי,אושר ועושר,0.5463917525773195,19,1993,1990
418,סטלה מאריס,לילה טוב,0.6895238095238095,16,1993,1990
419,אביב גפן והתעויוט,עכשיו מעונן,0.4717607973421927,9,1993,1990
420,דוד ד'אור,פרפר,0.712166172106825,24,1993,1990
421,אחינועם ניני,הוא,0.27495107632093935,29,1993,1990
422,דני רובס,אני מדבר,0.7162426614481409,32,1993,1990
423,אביב גפן והתעויוט,שיר הסמרטוטים,0.7624113475177305,20,1993,1990
424,עוזי חיטמן,אהבה זה כל הסיפור,0.6647919010123734,37,1993,1990
425,אלון אולארצ'יק,החיים קשים,0.4472140762463343,40,1993,1990
426,לאה לופטין,מתנה,0.44508670520231214,39,1993,1990
427,אביב גפן,האם להיות בך מאוהב,0.5439429928741093,1,1994,1990
428,אביב גפן,כבוד,0.6062176165803109,11,1994,1990
429,אריק איינשטיין,לבכות לך,0.6944444444444444,12,1994,1990
430,זקני צפת,שישי שבת,0.3761467889908257,7,1994,1990
431,שרון חזיז,השמיים של יוליה,0.7099236641221374,9,1994,1990
432,גלי עטרי,סימנים,0.525233644859813,15,1994,1990
433,ג'ינג'יות,L.A.,0.32951070336391436,10,1994,1990
434,גלי עטרי,שיר שיביא לך אהבה,0.37602820211515864,5,1994,1990
435,איפה הילד?,לבן בחלום שחור,0.4434782608695652,18,1994,1990
436,אסף אמדורסקי,אהבה חדשה,0.6666666666666666,17,1994,1990
437,סטלה מאריס,משחקים אסורים,0.4853658536585366,24,1994,1990
438,גלי עטרי,מתחת לפני השטח,0.4406779661016949,25,1994,1990
439,קרן הכט ואביב גפן,זה הרגש,0.5762331838565022,21,1994,1990
440,יזהר אשדות,הירושימה שלי,0.5975609756097561,27,1994,1990
441,ריקי גל,יש לי חולשה לרקדנים,0.8366890380313199,16,1994,1990
442,יהודית רביץ,אני משם,0.8184931506849316,32,1994,1990
443,ג'ינג'יות,ג'ינג'יות,0.6882352941176471,19,1994,1990
444,ריקי גל,היי שקטה,0.5419847328244275,31,1994,1990
445,יהודית רביץ,הגננים היום עצובים,0.8947368421052632,38,1994,1990
446,טיפקס,זמנים קטנים,0.5516279069767441,40,1994,1990
447,אתניX,קולה של ננה גפוס,0.7373417721518988,26,1994,1990
448,סי היימן,חצי עולם,0.5181476846057572,37,1994,1990
449,סי היימן,לב כזה,0.613607188703466,39,1994,1990
450,ריטה,ערב כחול עמוק,0.55078125,2,1995,1990
451,דנה אינטרנשיונל,ישנן בנות,0.5258278145695364,4,1995,1990
452,אריק איינשטיין,בגללך,0.5070422535211268,12,1995,1990
453,אבטיפוס,תשאירי לי מקום לחבק אותך,0.6165644171779141,6,1995,1990
454,החברים של נטאשה,עכשיו אני,0.44144144144144143,14,1995,1990
455,דנה אינטרנשיונל,אני לא יכולה בלעדיך,0.5655526992287918,5,1995,1990
456,ריטה,האם אתה מאושר,0.6265060240963856,16,1995,1990
457,אבטיפוס,בוקר טוב עולם,0.4491620111731844,17,1995,1990
458,שלום חנוך,לאט לאט,0.6414048059149723,18,1995,1990
459,ריטה,ציפור זרה,0.6600361663652803,21,1995,1990
460,קלינשטיין והמועצה,תפוחים ותמרים,0.5782945736434109,1,1995,1990
461,ליאורה,אמן,0.618421052631579,8,1995,1990
462,אביב גפן והתעויוט,שומקום,0.7299107142857143,13,1995,1990
463,משינה,להתראות נעורים שלום אהבה,0.70727969348659,27,1995,1990
464,דנה אינטרנשיונל,נוסעת לפטרה,0.7818181818181819,25,1995,1990
465,קלינשטיין והמועצה,הבוקר את הולכת,0.7746113989637305,15,1995,1990
466,ריטה,שירת הסירנה,0.7125748502994012,30,1995,1990
467,טיפקס,התחנה הישנה,0.6797752808988764,35,1995,1990
468,משינה,מילים ועוד מילים,0.55,36,1995,1990
469,אתניX,הנסיך הקטן,0.7120954003407155,22,1995,1990
470,יגאל בשן,איתך,0.5346097201767305,39,1995,1990
471,ליאורה,בנו של השטן,0.384,31,1995,1990
472,יזהר אשדות,הבלדה על...,0.8056478405315615,37,1995,1990
473,שלמה ארצי,האהבה הישנה,0.676948051948052,7,1996,1990
474,ריטה,עד שתעזוב,0.5268389662027833,5,1996,1990
475,שלמה ארצי,היא לא יודעת מה עובר עליי,0.5421686746987951,11,1996,1990
476,ריטה,ארץ מולדת,0.6325167037861915,13,1996,1990
477,אתניX,תביא קצת דינרוס,0.5821138211382114,12,1996,1990
478,יהודה פוליקר,לא יודע,0.5368956743002544,15,1996,1990
479,סיון שביט,נשקי אותי,0.6382660687593423,6,1996,1990
480,פבלו רוזנברג,בדמעות שאת בוכה,0.6057441253263708,10,1996,1990
481,שלמה ארצי,מנגב לך ת'דמעות,0.4383916990920882,4,1996,1990
482,"שב""ק ס'",מכופף הבננות,0.7277664630006789,21,1996,1990
483,אביב גפן והתעויוט,המכתב,0.49665551839464883,8,1996,1990
484,אביב גפן והתעויוט,עונות,0.8335625859697386,3,1996,1990
485,שלמה ארצי וריטה,שניים,0.4066147859922179,1,1996,1990
486,אביב גפן והתעויוט,קנאה,0.6126279863481229,16,1996,1990
487,ברי סחרוף,מפנה מקום,0.5424628450106157,27,1996,1990
488,טיפקס,היא,0.7255639097744361,28,1996,1990
489,סיון שביט,הכחול האפור הזה,0.8201438848920863,23,1996,1990
490,אביב גפן והתעויוט,מרד הדמעות,0.7575757575757576,20,1996,1990
491,ג'וני שועלי,עכשיו,0.699812382739212,24,1996,1990
492,יהודה פוליקר ויעקב גלעד,נמס בגשם,0.6464995678478824,26,1996,1990
493,רמי קלינשטיין,כל מה שתרצי,0.6324404761904762,1,1997,1990
494,אייל גולן,לב של גבר,0.5908372827804107,3,1997,1990
495,יהודה פוליקר,פנים אל מול פנים,0.5774058577405857,8,1997,1990
496,טיפקס,עוד שבת,0.5586510263929618,5,1997,1990
497,טיפקס,סתם,0.4904805077062557,9,1997,1990
498,אביתר בנאי,מתי נתנשק,0.7752808988764045,10,1997,1990
499,יהודה פוליקר,דברים שרציתי לומר,0.6153846153846154,13,1997,1990
500,אהוד בנאי,מהרי נא,0.4642184557438795,17,1997,1990
501,"שב""ק ס'",תתקעו בחצוצרה,0.6802721088435374,14,1997,1990
502,נמרוד והבודדים,בורח,0.5753424657534246,19,1997,1990
503,איגי וקסמן,לא מחכה יותר לדוור,0.6756756756756757,12,1997,1990
504,היי פייב,יום מעונן,0.5082872928176796,7,1997,1990
505,אביב גפן,שיר תקווה,0.49372384937238495,21,1997,1990
506,היי פייב,אני,0.7170626349892009,20,1997,1990
507,טיפקס ושרית חדד,למה הלכת ממנו,0.5652173913043478,15,1997,1990
508,אביתר בנאי ואפרת בן צור,שמתי לי פודרה,0.5,16,1997,1990
509,איפה הילד? ואיגי וקסמן,רק בשביל לקבל חיבוק,0.7362385321100917,23,1997,1990
510,אייל גולן ואתניX,צאי אל החלון,0.4862700228832952,2,1997,1990
511,יובל בנאי,לא יכול לעצור את זה,0.41601779755283647,24,1997,1990
512,אביב גפן וברי סחרוף,סוף העולם,0.5024509803921569,18,1997,1990
513,קרח תשע,איתו לנצח,0.41695501730103807,28,1997,1990
514,דנה אינטרנשיונל,דון קיחוטה,0.6408977556109726,26,1997,1990
515,דני סנדרסון,הלא נודע,0.4015748031496063,33,1997,1990
516,אביתר בנאי,כלום לא עצוב,0.6184895833333334,37,1997,1990
517,כשניקו תתחיל לדבר,צל כבד,0.6338582677165354,39,1997,1990
518,נורית גלרון,אין מדינה לאהבה,0.7891737891737892,40,1997,1990
519,יהודית רביץ,איזו מין ילדה,0.574468085106383,34,1997,1990
520,ריקי גל ומתי כספי,היא שלו והוא שלה,0.7647058823529411,32,1997,1990
521,אייל גולן,דמעות,0.694672131147541,1,1998,1990
522,אייל גולן,יפה שלי,0.5100671140939598,3,1998,1990
523,עברי לידר,תמיד אהבה,0.6088154269972452,8,1998,1990
524,דודי לוי ואהוד בנאי,כל הזמן שבעולם,0.4981481481481482,12,1998,1990
525,בן ארצי,חיים משל עצמי,0.5322033898305085,9,1998,1990
526,שרית חדד,הכול סגור,0.6092184368737475,15,1998,1990
527,חיים משה,התמונות שבאלבום,0.46365914786967416,7,1998,1990
528,אריאל הורוביץ,יאללה ביי,0.46524064171123,14,1998,1990
529,אביב גפן והתעויוט,השיר שלנו,0.38461538461538464,13,1998,1990
530,בן ארצי ושלמה ארצי,17,0.5071574642126789,4,1998,1990
531,זהבה בן,זמר שלוש התשובות,0.6926952141057935,25,1998,1990
532,עברי לידר,לאונרדו,0.6186186186186187,28,1998,1990
533,בן ארצי,כנראה שאהבתי אותך,0.5793103448275863,30,1998,1990
534,פבלו רוזנברג,בין ערביים,0.5273972602739726,29,1998,1990
535,שלמה ארצי,לעיתים,0.572202166064982,32,1998,1990
536,מיכל אמדורסקי,חייל שלי,0.8169934640522876,23,1998,1990
537,מיכה שטרית,טבריה,0.6122778675282714,17,1998,1990
538,עברי לידר,אף אחד משנינו,0.503382949932341,38,1998,1990
539,רונית שחר,בלילות הקיץ החמים,0.6295081967213115,33,1998,1990
540,דנה ברגר,חמימות חולפת,0.7068493150684931,31,1998,1990
541,פרה קדושה,שמש,0.4531590413943355,34,1998,1990
542,שלמה ארצי,אנחנו לא צריכים,0.6058931860036832,8,1999,1990
543,כנסיית השכל,היינו עושים אהבה,0.5810055865921788,9,1999,1990
544,שרית חדד,כמו סינדרלה,0.6342494714587738,2,1999,1990
545,ריטה,תפתח חלון,0.5569272976680384,3,1999,1990
546,כנסיית השכל,למיה יש אקדח,0.6783625730994152,11,1999,1990
547,אייל גולן,בעירי,0.6527777777777778,13,1999,1990
548,טיפקס,סמי וסומו,0.797799174690509,16,1999,1990
549,עברי לידר,בחולצת פסים,0.6242905788876277,17,1999,1990
550,ברי סחרוף,עבדים,0.6363636363636364,18,1999,1990
551,טיפקס ושרית חדד,כשאני איתך אני כמו דג,0.5319148936170213,7,1999,1990
552,אייל גולן,הסתכלי אליי,0.6694915254237288,4,1999,1990
553,אייל גולן,לב חולה,0.5655080213903744,21,1999,1990
554,ברי סחרוף,ככה זה (לאהוב אותך),0.538135593220339,12,1999,1990
555,מאור כהן,הכי יפה בעולם,0.4847328244274809,20,1999,1990
556,אביב גפן והתעויוט,מקסיקו,0.37094155844155846,10,1999,1990
557,ריטה,או שכן או שלא,0.686046511627907,27,1999,1990
558,השמחות,יהודה יהודה,0.13315460232350312,22,1999,1990
559,ריטה,המכתב הראשון,0.6989079563182528,32,1999,1990
560,עדן,יום הולדת,0.3851508120649652,6,1999,1990
561,גאיה,שיר לאהבה,0.8328358208955224,14,1999,1990
562,עברי לידר,יותר טוב כלום,0.5947368421052631,36,1999,1990
563,אריק איינשטיין ושלום חנוך,שמור על עצמך,0.5057096247960848,33,1999,1990
564,היי פייב,ממשיך לצעוד,0.5793573515092503,34,1999,1990
565,מאור כהן,מה ידוע על היום הזה,0.6873156342182891,35,1999,1990
566,ג'ירפות,וואו,0.5170731707317073,40,1999,1990
567,אריאל זילבר,מסך עשן,0.6163366336633663,31,1999,1990
568,אריק איינשטיין ושלום חנוך,כל אחד רוצה,0.4862681744749596,26,1999,1990
569,מאיר בנאי וארקדי דוכין,אהבה קצרה,0.8513274336283185,38,1999,1990
570,קורין אלאל ואביתר בנאי,כשזה עמוק,0.4340344168260038,28,1999,1990
571,יהודית רביץ,געגוע,0.8780487804878049,10,2000,2000
572,שלמה ארצי,נוף ילדות,0.4475873544093178,7,2000,2000
573,טיפקס,שלוש בלילה,0.5543237250554324,11,2000,2000
574,שלומי שבן,אריק,0.4748743718592965,12,2000,2000
575,לולה,ימים של שקט,0.6596958174904943,9,2000,2000
576,זהבה בן,מלך אמיתי,0.398989898989899,15,2000,2000
577,שרית חדד,לעשות מה שבא לי,0.6620879120879121,18,2000,2000
578,דנה ברגר,לומדת לעוף,0.454172366621067,17,2000,2000
579,"שב""ק ס'",נופל וקם,0.5041025641025642,21,2000,2000
580,אביב גפן והתעויוט,עורי עור,0.46176470588235297,8,2000,2000
581,חמי רודנר ושליחי הבלוז,גאולה,0.6173361522198731,3,2000,2000
582,יזהר אשדות וברי סחרוף,זמן קסם,0.5972222222222222,20,2000,2000
583,זהבה בן,להשתגע,0.36160188457008247,28,2000,2000
584,ליאור נרקיס ושלומי שבת,לכל אחד יש,0.46904024767801855,1,2000,2000
585,שלמה ארצי ויעל דקלבאום,לא יודע מה עובר לך בראש,0.5009523809523809,22,2000,2000
586,ערן צור,לילות של ירח מלא,0.7408256880733946,27,2000,2000
587,נורית גלרון,אתה הולך לישון מוקדם,0.47327249022164275,23,2000,2000
588,תמר גלעדי,האהבה מתה,0.7783641160949868,24,2000,2000
589,אסף אמדורסקי,15 דקות,0.6094488188976378,34,2000,2000
590,יהודית רביץ,בך לא נוגע,0.5594262295081968,38,2000,2000
591,טל גורדון ורונה קינן,כמו שיורד גשם,0.7881773399014779,36,2000,2000
592,רונית שחר,נורית,0.38120567375886527,40,2000,2000
593,ערן צור,הוא והיא,0.6477987421383647,39,2000,2000
594,רוקפור ואביב גפן,שוב לא שקט,0.5481283422459893,37,2000,2000
595,כנסיית השכל,תגידי שטוב,0.42955326460481097,7,2001,2000
596,שרית חדד,יאללה לך הביתה מוטי,0.6525547445255474,1,2001,2000
597,טיפקס,יושבים בבית קפה,0.4629349470499244,2,2001,2000
598,אייל גולן,מיליון או דולר,0.7013782542113323,5,2001,2000
599,אייל גולן,צליל מיתר,0.639751552795031,11,2001,2000
600,ריטה ורמי קלינשטיין,ימי התום,0.7616387337057728,12,2001,2000
601,ארקדי דוכין,היא לא דומה,0.7901234567901234,6,2001,2000
602,שרית חדד,תשתוק תשתוק,0.7414141414141414,17,2001,2000
603,אלי לוזון,לגעת באושר,0.754863813229572,8,2001,2000
604,מיכה שטרית,נמנע ממך,0.47309833024118736,14,2001,2000
605,אריק איינשטיין ושלום חנוך,אגדת דשא,0.7940528634361234,18,2001,2000
606,שרית חדד,אשליות מתוקות,0.655819774718398,21,2001,2000
607,טיפקס,כמו לפני 20 שנה,0.6151315789473685,22,2001,2000
608,אייל גולן,הריקוד הוא שלך,0.5747330960854092,24,2001,2000
609,כנסיית השכל,תרימי את הראש,0.3351851851851852,25,2001,2000
610,ארקדי דוכין,אוהבת לא אוהבת,0.6180422264875239,4,2001,2000
611,דוד ד'אור,כל הכוכבים,0.2867231638418079,3,2001,2000
612,שי עמר,באושר ובעוני,0.46462264150943394,10,2001,2000
613,אביב גפן והתעויוט עם אריק איינשטיין,יומן מסע,0.6308411214953271,13,2001,2000
614,דנה ברגר,יש בזה טעם,0.7653333333333333,31,2001,2000
615,שלומי שבן,כולם אומרים,0.4226618705035971,32,2001,2000
616,מוניקה סקס,איש קש,0.4238095238095238,36,2001,2000
617,יהודית רביץ,כמו עפיפון,0.5877862595419847,40,2001,2000
618,הדג נחש ומזי כהן,אף אחד,0.44869402985074625,29,2001,2000
619,שלומי שבת,הרי את מקודשת,0.6956521739130435,8,2002,2000
620,שרית חדד,נדליק ביחד נר,0.65625,2,2002,2000
621,שרית חדד,לראות את הכאב,0.7108433734939759,12,2002,2000
622,שלמה ארצי,על פי תנועת הרכבות,0.4894977168949772,6,2002,2000
623,שלמה ארצי,בשקט בשקט,0.677037037037037,11,2002,2000
624,עברי לידר,בתי קפה,0.6290143964562569,14,2002,2000
625,ברי סחרוף,מונסון,0.7183908045977011,16,2002,2000
626,אייל גולן,ואני קורא לך,0.5384615384615384,17,2002,2000
627,דויד ברוזה,בוכה אל הקירות,0.5797807551766139,7,2002,2000
628,אריאל הורוביץ,רנה,0.7003610108303249,10,2002,2000
629,מוקי,ילדה סוכר,0.5988083416087389,21,2002,2000
630,אביב גפן והתעויוט,שיר עצוב,0.42436974789915966,9,2002,2000
631,ליאור נרקיס,תגידי,0.5454545454545454,26,2002,2000
632,ריטה ורמי קלינשטיין,שביל הבריחה,0.4714795008912656,27,2002,2000
633,עברי לידר,על קו המים,0.6158357771260997,30,2002,2000
634,עמיר בניון,שלכת,0.40346205059920104,5,2002,2000
635,מיקה קרני,סיפור אהבה,0.8391167192429022,33,2002,2000
636,אריק סיני,מכור,0.5231316725978647,34,2002,2000
637,ברי סחרוף,האחר,0.6024844720496895,37,2002,2000
638,זהבה בן,חיה בשבילך,0.7858942065491183,40,2002,2000
639,טל שגב,דברים קטנים,0.5576131687242798,36,2002,2000
640,רמי פורטיס ושלומי שבן,ניצוצות,0.7298311444652908,38,2002,2000
641,רמי פורטיס וברי סחרוף,הדלת,0.6693711967545639,31,2002,2000
642,לאה שבת,חמניות מול השמש,0.8692579505300353,35,2002,2000
643,אייל גולן,חלומות,0.4560622914349277,3,2003,2000
644,עברי לידר,בוא,0.5117117117117117,10,2003,2000
645,קובי פרץ,בלבלי אותו,0.28400735294117646,8,2003,2000
646,שרית חדד,היום היום,0.3757396449704142,9,2003,2000
647,משינה,משהו קטן וטוב,0.5298651252408478,6,2003,2000
648,ריטה,לאלף נמר,0.7420435510887772,11,2003,2000
649,שרית חדד,קצת משוגעת,0.3233743409490334,12,2003,2000
650,הפרויקט של עידן רייכל,אם תלך,0.46307692307692305,1,2003,2000
651,שלום חנוך,אהבת נעוריי,0.7011764705882353,4,2003,2000
652,הדורבנים,יצאנו לרקוד,0.4869762174405436,19,2003,2000
653,הפרויקט של עידן רייכל,הינך יפה,0.42924528301886794,15,2003,2000
654,הפרויקט של עידן רייכל,מדברים בשקט,0.4195488721804511,5,2003,2000
655,המשולש,שמיים כחולים,0.5774877650897227,20,2003,2000
656,רון שובל,אין עוד יום,0.5178351783517835,17,2003,2000
657,ירדן בר־כוכבא,אומרים ישנה ארץ,0.6660746003552398,13,2003,2000
658,טיפקס,ריקודי עמבה,0.5725593667546174,26,2003,2000
659,שלומי שבת,בשם האהבה,0.4317073170731707,27,2003,2000
660,שרון רוטר,ארוץ אליך,0.39956803455723544,24,2003,2000
661,שחר אבן צור,עירומים,0.6054254007398274,25,2003,2000
662,ליאור נרקיס,מילים לאהבה,0.5134706814580031,32,2003,2000
663,יהודה פוליקר,רומיאו,0.5766590389016019,36,2003,2000
664,דודו טסה,אני רץ,0.43278688524590164,40,2003,2000
665,גלי עטרי,מה שאת אוהבת,0.5744234800838575,35,2003,2000
666,הבליינים,שוביניסט,0.6820728291316527,37,2003,2000
667,ברי סחרוף ואינפקטד מאשרום,יומולדת,0.7067039106145251,31,2003,2000
668,דניאל סלומון,בא מכאב,0.4950354609929078,39,2003,2000
669,אהוד בנאי,היום,0.6196660482374768,10,2004,2000
670,מאיה בוסקילה,סיפור מכור,0.6303317535545023,8,2004,2000
671,מאיה בוסקילה,הלב,0.5853080568720379,2,2004,2000
672,שרית חדד,חגיגה,0.42719614921780985,13,2004,2000
673,שי גבסו,המילים החסרות,0.5377532228360957,5,2004,2000
674,דוד ד'אור,להאמין,0.6889632107023411,24,2004,2000
675,שרונה ודניאלה פיק,השיר הזה,0.5060240963855421,25,2004,2000
676,שוטי הנבואה,ידיעה,0.5728021978021978,29,2004,2000
677,נינט טייב,כמו ששיר נוגע,0.6467941507311586,30,2004,2000
678,אהוד בנאי,בלוז כנעני,0.6156028368794326,34,2004,2000
679,רוני,סופרסטאר,0.44682926829268294,23,2004,2000
680,מומי לוי וסאבלימינל,שטח ההפקר,0.7171052631578947,22,2004,2000
681,כנסיית השכל,איך זה מרגיש,0.297029702970297,37,2004,2000
682,אלון אולארצ'יק,בואי נתחבק,0.5532467532467532,33,2004,2000
683,מאיה בוסקילה,יש בליבי כינור,0.6682242990654206,38,2004,2000
684,רוני,סוד,0.478494623655914,36,2004,2000
685,עברי לידר,זכיתי לאהוב,0.5429864253393665,6,2005,2000
686,אייל גולן,מציאות אחרת,0.5448275862068965,10,2005,2000
687,שירי מימון,אהבה קטנה,0.6493288590604027,11,2005,2000
688,שירי מימון,השקט שנשאר,0.6465863453815262,1,2005,2000
689,הפרויקט של עידן רייכל,מילים יפות מאלה,0.3598369011213048,8,2005,2000
690,הפרויקט של עידן רייכל,ממעמקים,0.335978835978836,3,2005,2000
691,מירי מסיקה,לשם,0.5651558073654391,4,2005,2000
692,גידי גוב,מי תרצי,0.571900826446281,17,2005,2000
693,דניאל סלומון,אהבה,0.46551724137931033,16,2005,2000
694,מירי מסיקה,נובמבר,0.6792114695340502,13,2005,2000
695,אייל גולן,מלכת היופי שלי,0.7190721649484536,20,2005,2000
696,מוקי,אלוהים,0.6368778280542986,21,2005,2000
697,עברי לידר,זה לא אותו דבר,0.5581737849779087,22,2005,2000
698,הפרויקט של עידן רייכל,יש בי עוד כוח,0.4787052810902896,14,2005,2000
699,הפרויקט של עידן רייכל,מכל האהבות,0.42098609355246525,19,2005,2000
700,ארקדי דוכין,מי אוהב אותך יותר ממני,0.46324786324786327,2,2005,2000
701,שלמה ארצי ושלום חנוך,אני רואה אותך,0.43762246897452645,27,2005,2000
702,סטלוס ואורן חן,אוהב אותך,0.6073825503355704,12,2005,2000
703,הראל מויאל,אמצע הלילה בכפר,0.6799307958477508,29,2005,2000
704,לירז צ'רכי,אל תפסיק,0.4254007398273736,28,2005,2000
705,מירי מסיקה,אף אחת,0.6354916067146283,30,2005,2000
706,מוש בן ארי,יה,0.7405405405405405,35,2005,2000
707,אפרת גוש,תמיד כשאתה בא,0.47030497592295345,38,2005,2000
708,משינה,התשובה,0.5417256011315418,39,2005,2000
709,אוהד חיטמן,תגידי לו,0.48693259972489683,25,2005,2000
710,רוני,אדוני,0.44682926829268294,26,2005,2000
711,מטרופולין,לישון בלי לחלום,0.6382113821138211,37,2005,2000
712,אביב גפן,מחר,0.6967741935483871,6,2006,2000
713,קרן פלס,איתי,0.6349036402569593,3,2006,2000
714,קרן פלס,אם אלה החיים,0.8568376068376068,5,2006,2000
715,שי גבסו,במקומי,0.8028169014084507,11,2006,2000
716,שי גבסו,תגידי לי את,0.5463917525773195,7,2006,2000
717,עידן יניב וליאור דטאוקר,חושב עליה,0.5122615803814714,2,2006,2000
718,הראל סקעת,משהו ממני,0.6702898550724637,8,2006,2000
719,הדורבנים,עוד לילה,0.5303030303030303,17,2006,2000
720,"סאבלימינל, אלון דה לוקו ואיציק שמלי",טורו,0.6005847953216374,16,2006,2000
721,בית הבובות,שיר בעיפרון,0.5187713310580204,14,2006,2000
722,הראל סקעת,ואת,0.6035564853556485,1,2006,2000
723,הדג נחש,הינה אני בא,0.7091183119819141,20,2006,2000
724,עמיר בניון,הכול עד לכאן,0.5421166306695464,21,2006,2000
725,הראל סקעת,כמה עוד אפשר,0.5349462365591398,22,2006,2000
726,קרן פלס,שמעון השכן,0.6008359456635318,24,2006,2000
727,שרית חדד,בין כל הבלגן,0.4673748103186646,25,2006,2000
728,אביב גפן,עם הזמן,0.6422360248447205,12,2006,2000
729,נינט טייב,כשאתה כאן,0.40040650406504064,9,2006,2000
730,איה כורם,שיר אהבה פשוט,0.5967540574282147,4,2006,2000
731,איה כורם,קיץ,0.5076586433260394,15,2006,2000
732,גידי גוב ורונה קינן,הריקוד המוזר של הלב,0.45092592592592595,19,2006,2000
733,דין דין אביב,סודותיי,0.5941499085923218,13,2006,2000
734,אייל גולן,אל תלכי לי,0.5817923186344239,33,2006,2000
735,ג'ירפות,גג,0.6653696498054474,35,2006,2000
736,נורית גלרון,ספינותיה,0.6548089591567853,34,2006,2000
737,יהלי סובול ומלאני פרס,לרוץ מהר,0.337116912599319,36,2006,2000
738,עברי לידר,הכוס הכחולה,0.5082304526748971,39,2006,2000
739,בית הבובות,למעני,0.6144814090019569,32,2006,2000
740,כלא 6 עם גילי וגלית,דרך המלך,0.47390691114245415,23,2006,2000
741,יהודית רביץ ואהובה עוזרי,האיש ההוא,0.4014466546112116,29,2006,2000
742,מוש בן ארי,ממריאים,0.5184304399524375,8,2007,2000
743,כנסיית השכל,תנו לי לשתות,0.4560327198364008,7,2007,2000
744,אייל גולן,אם יש גן עדן,0.5107604017216643,11,2007,2000
745,דניאל סלומון,הייתכן,0.5550660792951542,12,2007,2000
746,אריק ברמן,יום חדש נפלא,0.6636363636363637,3,2007,2000
747,מירי מסיקה,מאמי,0.5350262697022767,4,2007,2000
748,בעז שרעבי,אם את עדיין אוהבת אותי,0.43333333333333335,6,2007,2000
749,מוש בן ארי,משא ומתן,0.6640776699029126,17,2007,2000
750,מירי מסיקה,עכשיו אתה חוזר בחזרה,0.5334750265674814,1,2007,2000
751,רן דנקר ועילי בוטנר,בואי נעזוב,0.6288135593220339,10,2007,2000
752,שרית חדד,עליך ועליי,0.5288888888888889,21,2007,2000
753,קובי אפללו,בא מן השתיקה,0.5669934640522876,23,2007,2000
754,עובדיה חממה וחברים,אנא בכוח,0.5344827586206896,5,2007,2000
755,נינט טייב,היא יודעת,0.46370370370370373,16,2007,2000
756,עידן יניב,את יפה,0.5784543325526932,9,2007,2000
757,מירי מסיקה,שלום לאמונות,0.8295081967213115,27,2007,2000
758,אריק ברמן,ג'וני,0.6626360338573156,31,2007,2000
759,שרית חדד,זה ששומר עליי,0.6307277628032345,33,2007,2000
760,יפתי,הלילה יעבור,0.5063593004769475,32,2007,2000
761,מורן קריטי,שקט,0.5174337517433751,35,2007,2000
762,חובבי ציון,רוצה בנות,0.6545682102628285,37,2007,2000
763,הראל מויאל,לא מכירים אותך,0.5724331926863573,25,2007,2000
764,יהודה סעדו,ממשיך במרדף,0.7558922558922558,38,2007,2000
765,שלומי שבת,אבא,0.583843329253366,3,2008,2000
766,עלמה זהר,אגו טריפ,0.6435506241331485,6,2008,2000
767,אייל גולן,מצטער,0.6188976377952756,12,2008,2000
768,רן דנקר ועילי בוטנר,אני אש,0.575107296137339,8,2008,2000
769,ריטה,מחכה,0.47553516819571867,16,2008,2000
770,קובי אפללו,מה שהלב בחר,0.4272363150867824,11,2008,2000
771,קרן פלס,מבול,0.570745044429255,17,2008,2000
772,ריטה,אחרי שאהב,0.484573502722323,19,2008,2000
773,מאור כהן,שיר של יום חולין,0.66,21,2008,2000
774,אייל גולן וטריפונס,פיציריקה,0.5,20,2008,2000
775,ישי לוי,אישה נאמנה,0.45300261096605743,9,2008,2000
776,אייל גולן,את שלי אני שלך,0.6468330134357005,25,2008,2000
777,קובי אפללו,ים הרחמים,0.7076923076923077,5,2008,2000
778,קרן פלס,פיז'ו 92,0.7178294573643411,29,2008,2000
779,הפרויקט של עידן רייכל,מנעי קולך מבכי,0.4304812834224599,22,2008,2000
780,אביתר בנאי,חתונה לבנה,0.5754385964912281,31,2008,2000
781,ריטה,היינו גדולים,0.5504273504273505,33,2008,2000
782,דנה אינטרנשיונל ועידן יניב,סרט הודי,0.3989455184534271,24,2008,2000
783,אוהד חיטמן,חשבתי שיהיה רומנטי,0.5975274725274725,15,2008,2000
784,ארז לב ארי,אנה אפנה,0.522508038585209,32,2008,2000
785,דני רובס,משהו חדש מתחיל,0.5057471264367817,28,2008,2000
786,עמיר בניון,עומד בשער,0.5283203125,36,2008,2000
787,שירי מימון,יותר טוב לסלוח,0.5809659090909091,39,2008,2000
788,שולי רנד,אייכה,0.7464114832535885,26,2008,2000
789,הראל מויאל,באה אליי,0.4865979381443299,30,2008,2000
790,רן דנקר ועילי בוטנר עם סיון טלמור,מה שלא הספקתי לומר,0.654627539503386,35,2008,2000
791,דנה לפידות,משוגעת,0.5702005730659025,37,2008,2000
792,אסף אבידן והמוג'וס,Weak,0.27912477823772913,38,2008,2000
793,אביתר בנאי,עד מחר,0.6588235294117647,3,2009,2000
794,אייל גולן,זה אני,0.85,1,2009,2000
795,אביתר בנאי,אבא,0.5592592592592592,2,2009,2000
796,אייל גולן,יפיופה,0.597872340425532,9,2009,2000
797,אביתר בנאי,אותיות פורחות באוויר,0.5033222591362126,6,2009,2000
798,מרגלית צנעני,עץ ירוק מפלסטיק,0.44547563805104406,11,2009,2000
799,הפיל הכחול,יסמין,0.5868544600938967,14,2009,2000
800,משה פרץ,שתיים בלילה,0.38064516129032255,17,2009,2000
801,הפרויקט של עידן רייכל,חלומות של אחרים,0.44715447154471544,4,2009,2000
802,הפרויקט של עידן רייכל,שאריות של החיים,0.34307992202729043,5,2009,2000
803,שרית חדד,מקודשת,0.6401766004415012,20,2009,2000
804,הפרויקט של עידן רייכל,מי נהר,0.3535075653370014,16,2009,2000
805,שלומי סרנגה,מונו,0.4207858048162231,15,2009,2000
806,מאור כהן,לילה עיר,0.7024793388429752,22,2009,2000
807,רונה קינן,אתה מתעורר,0.7270788912579957,21,2009,2000
808,ברי סחרוף ורע מוכיח,מה לך יחידה,0.849112426035503,27,2009,2000
809,קובי פרץ ואישתאר,יחד,0.8216783216783217,10,2009,2000
810,שלום חנוך,אומרת לי לעד,0.789795918367347,29,2009,2000
811,דור דניאל,מקום לצידך,0.6460767946577629,8,2009,2000
812,גלי עטרי וסגיב כהן,מהמרחקים,0.5,7,2009,2000
813,נינט טייב,אם אני אלך,0.47438330170777987,31,2009,2000
814,הראל סקעת,מובן לי עכשיו,0.6115537848605578,34,2009,2000
815,הפרויקט של עידן רייכל,רוב השעות,0.40115718418514945,33,2009,2000
816,אייל גולן,למות מקנאה,0.6704545454545454,36,2009,2000
817,רמי פורטיס,בלונדיניות על אוטוביאנקי,0.5185185185185185,38,2009,2000
818,אייל גולן,לנצח בני,0.7,40,2009,2000
819,דור דניאל,רציתי,0.8747252747252747,28,2009,2000
820,מאיה בוסקילה,נשמתי,0.47192513368983957,24,2009,2000
821,"כרמל אקמן, ליבי וישראל בר־און",רציתי לשיר,0.37366167023554603,32,2009,2000
822,עפר בשן,לוקח ת'זמן,0.4851063829787234,35,2009,2000
823,שירי מימון,חלק ממך,0.6467486818980668,30,2009,2000
824,אברהם פריד,שהשמש תעבור עליי,0.6190476190476191,39,2009,2000
825,שלומי שבת,שתדעי,0.5007363770250368,8,2010,2010
826,קרולינה,אף אחד לא בא לי,0.5206611570247934,5,2010,2010
827,משה פרץ,מהשמיים,0.3160919540229885,7,2010,2010
828,אייל גולן,מי שמאמין,0.5865384615384616,3,2010,2010
829,דודו אהרון,תגידו לה,0.7171492204899778,1,2010,2010
830,ליאור נרקיס,ערב טוב,0.680672268907563,2,2010,2010
831,אברהם טל,אורות,0.5716981132075472,12,2010,2010
832,אייל גולן,על חבל דק,0.7635135135135135,16,2010,2010
833,עומר אדם,נמס ממך,0.4223300970873786,17,2010,2010
834,דודו אהרון,לא מוותר,0.7322834645669292,13,2010,2010
835,אפרת גוש,אה אה אה,0.5615696887686062,20,2010,2010
836,אברהם טל,מחוזקים לעולם,0.4878048780487805,21,2010,2010
837,דני סנדרסון,אתה לבד,0.6912114014251781,9,2010,2010
838,משה פרץ,אשמור עלייך,0.3330078125,23,2010,2010
839,אייל גולן,נשיקה אחת ממך,0.3845360824742268,24,2010,2010
840,רוני דלומי,תן,0.35812964930924546,11,2010,2010
841,הראל סקעת,מילים,0.610648918469218,18,2010,2010
842,אביתר בנאי,לילה כיום יאיר,0.6038394415357766,28,2010,2010
843,הדג נחש,עוד אח אחד,0.6591500433651344,30,2010,2010
844,רגב הוד,יותר מדי שנים,0.4571092831962397,19,2010,2010
845,הדג נחש,אני מאמין,0.7288851351351351,33,2010,2010
846,משינה,בין הצללים,0.669051878354204,34,2010,2010
847,קובי פרץ,אולי,0.39627906976744187,35,2010,2010
848,הדג נחש ויהודה קיסר,שיר נחמה,0.5712025316455697,15,2010,2010
849,קרולינה ואורי כנרות,הבלדה על אביר החופש ובת גלים,0.6502115655853314,6,2010,2010
850,יהודה פוליקר,אל תלכי עכשיו,0.719029374201788,39,2010,2010
851,עידן יניב,לא מוותר,0.7080838323353293,36,2010,2010
852,קובי אפללו ועילי בוטנר,מכתב לאחי,0.4861878453038674,26,2010,2010
853,חן אהרוני ואסתי גינזבורג,נשימה,0.4956896551724138,25,2010,2010
854,הראל סקעת,עוד יאיר עליי,0.6060606060606061,40,2010,2010
855,תומר מתנה,העולם מסתובב,0.6778169014084507,37,2010,2010
856,אביהו שבת,עדיין שלך,0.5214007782101168,32,2010,2010
857,עידן עמדי,כאב של לוחמים,0.6097560975609756,1,2011,2010
858,אברהם טל,אם את הולכת,0.5729483282674772,3,2011,2010
859,אייל גולן,נולדת בשבילי,0.7647058823529411,7,2011,2010
860,נתן גושן,כל מה שיש לי,0.6891064871481029,2,2011,2010
861,אייל גולן,תמונה שבורה,0.6081330868761553,10,2011,2010
862,משה פרץ,קחי אותי אלייך,0.4057507987220447,14,2011,2010
863,שלומי שבת,ואני שר,0.6255060728744939,16,2011,2010
864,אייל גולן,רק מתגעגע,0.5680345572354212,11,2011,2010
865,עידן עמדי,רץ אל האור,0.5874499332443258,17,2011,2010
866,עידן חביב,מחכה,0.4362745098039216,19,2011,2010
867,עומר אדם,הופה,0.6377118644067796,20,2011,2010
868,נתן גושן,איפה את,0.6805555555555556,13,2011,2010
869,ברי סחרוף,זמן של מספרים,0.5337690631808278,22,2011,2010
870,אייל גולן,בואי נברח,0.7226107226107226,18,2011,2010
871,משה פרץ,ארוץ עד אלייך,0.7527472527472527,23,2011,2010
872,דודו אהרון,לא יפרידו בינינו,0.415962441314554,21,2011,2010
873,משה פרץ,אין כמוך,0.32844243792325056,24,2011,2010
874,ברי סחרוף,העין,0.5617977528089888,26,2011,2010
875,דודו אהרון,אהבה ללא גבולות,0.49051833122629585,25,2011,2010
876,אייל גולן,רציתי להגיד לך,0.7346368715083799,29,2011,2010
877,עידן רייכל ואביב גפן,קוצים,0.6763392857142857,27,2011,2010
878,יהודה פוליקר,קצר פה כל כך האביב,0.5498721227621484,31,2011,2010
879,ברי סחרוף,כלום זה לא סתם,0.596100278551532,32,2011,2010
880,מוניקה סקס,השמלה ממדריד,0.5171026156941649,33,2011,2010
881,מירי מסיקה,מלך,0.5815047021943573,9,2011,2010
882,לירן דנינו,ללכת,0.6221294363256785,4,2011,2010
883,לירן דנינו,עדיין ריק,0.7407407407407407,8,2011,2010
884,אהוד בנאי,אבן ספיר,0.7285129604365621,37,2011,2010
885,הדג נחש,לא מספיק,0.6834381551362684,39,2011,2010
886,אתניX,מתי לחזור,0.4780278670953912,28,2011,2010
887,שירי מימון ושמעון בוסקילה,שיר תקווה,0.5020408163265306,12,2011,2010
888,דור דניאל,קורא לך,0.5495145631067961,40,2011,2010
889,עידן עמדי,אלייך,0.6773255813953488,6,2012,2010
890,משה פרץ,אם את הולכת,0.5994897959183674,5,2012,2010
891,אייל גולן,כשאת איתו,0.7982832618025751,2,2012,2010
892,דודו אהרון,אין כמו אהבה,0.8487179487179487,13,2012,2010
893,שלמה ארצי ואברהם טל,אלוהיי,0.6963613550815558,3,2012,2010
894,הראל סקעת,משהו טוב,0.6099537037037037,11,2012,2010
895,עילי בוטנר וילדי החוץ,תיתן לי יד,0.5798165137614679,14,2012,2010
896,עברי לידר,מישהו פעם,0.6709677419354839,17,2012,2010
897,הראל סקעת,כמה עוד דרכים,0.3984272608125819,7,2012,2010
898,אייל גולן,מנגינה,0.8838028169014085,19,2012,2010
899,ישי לוי,את,0.5008431703204047,16,2012,2010
900,משה פרץ,אלף פעמים,0.7422222222222222,21,2012,2010
901,גלעד שגב ומירי מסיקה,קולות הלב,0.7354651162790697,18,2012,2010
902,אייל גולן,לבדי,0.7199074074074074,23,2012,2010
903,עילי בוטנר וילדי החוץ,רץ אלייך,0.498793242156074,22,2012,2010
904,קרולינה,אל תאחר,0.7591623036649214,27,2012,2010
905,קובי אפללו,צחורת כנף,0.6786389413988658,24,2012,2010
906,שלמה ארצי,כל יום,0.6225895316804407,29,2012,2010
907,מירי מסיקה,אישה חרסינה,0.5035545023696683,10,2012,2010
908,אתניX,אהבת חינם,0.6601398601398601,12,2012,2010
909,שירי מימון,שלג בשרב,0.5446096654275093,28,2012,2010
910,מירי מסיקה,ואולי,0.6942909760589319,30,2012,2010
911,ירדנה ארזי ודנה אינטרנשיונל,כשהגברים רוקדים,0.4878048780487805,33,2012,2010
912,דיאנה גולבי,אחר כך יגידו,0.7804878048780488,25,2012,2010
913,איזבו,Time,0.7362924281984334,34,2012,2010
914,לירן דנינו,כל המילים,0.9107142857142857,36,2012,2010
915,קובי אפללו,שמע,0.5464159811985899,40,2012,2010
916,מנור שבת,כשאתה,0.3806646525679758,32,2012,2010
917,נתן גושן,עוד,0.5246073298429319,2,2013,2010
918,גלעד שגב ומירי מסיקה,קולות הלב,0.7354651162790697,4,2013,2010
919,עידן עמדי,נגמר,0.7484116899618806,1,2013,2010
920,אייל גולן,סטטוס מאוהב,0.6996644295302014,8,2013,2010
921,עידן עמדי,בזמן האחרון,0.5370705244122965,13,2013,2010
922,עברי לידר,תרמיל,0.5950334288443171,10,2013,2010
923,קרולינה,צל עץ תמר,0.649746192893401,16,2013,2010
924,משה פרץ,אולי הלילה,0.3825265643447462,17,2013,2010
925,יהודה פוליקר ובלקן ביט בוקס,איך אפשר,0.6690042075736325,18,2013,2010
926,אברהם טל,אני לא מבין איך היום עולה עליי,0.4035714285714286,19,2013,2010
927,אברהם טל,אני איתך,0.8425531914893617,20,2013,2010
928,דור דניאל,הצפון הישן,0.827354260089686,14,2013,2010
929,ירדנה ארזי,זמן של אולי,0.8031914893617021,11,2013,2010
930,יהודית רביץ,האור שמאיר עליי,0.6274509803921569,23,2013,2010
931,דיאנה גולבי,אחר כך יגידו,0.7804878048780488,24,2013,2010
932,רוני דלומי,תחזיקו,0.4187192118226601,7,2013,2010
933,קרן פלס,לייק וואנקה,0.7125668449197861,26,2013,2010
934,קובי אפללו,יחידה שלי,0.44510385756676557,15,2013,2010
935,הפרויקט של עידן רייכל,בלילה,0.6523809523809524,12,2013,2010
936,שלמה ארצי,נדבר מהלב,0.601528384279476,29,2013,2010
937,יגאל בשן,שמיים,0.56657223796034,9,2013,2010
938,הפרויקט של עידן רייכל,עכשיו קרוב,0.610204081632653,6,2013,2010
939,עילי בוטנר וילדי החוץ,תם ולא נשלם,0.41987466427931963,21,2013,2010
940,דיאנה גולבי,היי תום,0.7068702290076336,27,2013,2010
941,אייל גולן,את,0.6308186195826645,34,2013,2010
942,ריטה,מים צלולים,0.8119122257053292,35,2013,2010
943,עילי בוטנר וילדי החוץ,נעים עכשיו,0.6086956521739131,31,2013,2010
944,מיי פיינגולד,להתראות מחר,0.6695652173913044,25,2013,2010
945,מיי פיינגולד,תמונות,0.6790352504638218,36,2013,2010
946,רוני דלומי,פניי לרוח,0.6327272727272727,37,2013,2010
947,מאיה אברהם,עד שיבוא אוקטובר,0.694560669456067,33,2013,2010
948,אתניX,יחד,0.8216783216783217,22,2013,2010
949,אתי אנקרי,הניגון שלך,0.4336734693877551,40,2013,2010
950,שלמה גרוניך,בנאליה לפני השקיעה,0.749211356466877,30,2013,2010
951,סגיב כהן ונדב קקון,כל שי כלאם,0.5944444444444444,32,2013,2010
952,שלומי שבת,הלב,0.4431202600216685,9,2014,2010
953,מוקי,לב חופשי,0.5852534562211982,6,2014,2010
954,אביתר בנאי,יפה כלבנה,0.5631067961165048,7,2014,2010
955,מוקי,ילד של אבא,0.6214442013129103,3,2014,2010
956,מוש בן ארי,כמו בחיים,0.4944944944944945,11,2014,2010
957,שי גבסו,כל הימים,0.6418918918918919,14,2014,2010
958,ישי לוי ומוש בן ארי,עוד היום,0.6451048951048951,5,2014,2010
959,שלומי שבן וחוה אלברשטיין,תרגיל בהתעוררות,0.7306791569086651,1,2014,2010
960,שיר לוי,שאריות מעצמי,0.5886363636363636,8,2014,2010
961,מוניקה סקס,איש גדול,0.7963525835866262,19,2014,2010
962,שיר לוי,להשתגע,0.4271151885830785,10,2014,2010
963,יהודה פוליקר,כמעט כבר נוגע,0.7625122669283612,21,2014,2010
964,עמיר בניון,סופה,0.6699751861042184,12,2014,2010
965,דיקלה,ואם פרדה,0.5403458213256485,4,2014,2010
966,ירמי קפלן,היא האחת,0.6284074605451937,17,2014,2010
967,מוניקה סקס,שוב יורד אור חקי אפרורי,0.632183908045977,25,2014,2010
968,יובל דיין,אל תאמר,0.4041204437400951,2,2014,2010
969,שלומי שבן,לילה אחרון בלונדון,0.8384279475982532,27,2014,2010
970,מירי מסיקה,דמעות,0.7435897435897436,16,2014,2010
971,הפרויקט של עידן רייכל,בקרוב,0.39135959339263027,18,2014,2010
972,עברי לידר ונתן גושן,הייתי כאן,0.689989235737352,22,2014,2010
973,אריק ברמן,גרביטציה,0.7332053742802304,20,2014,2010
974,הפרויקט של עידן רייכל,אם היית רואה,0.4274322169059011,23,2014,2010
975,עידן חביב,כמו כל יום,0.6169491525423729,33,2014,2010
976,אלון אולארצ'יק ואלעד אדר,מסטיק,0.7112299465240641,24,2014,2010
977,מוקי,מה תעשי איתי,0.6582278481012658,36,2014,2010
978,בית הבובות,איפה היית,0.7189054726368159,26,2014,2010
979,אביב גפן,עולם חדש,0.8446215139442231,38,2014,2010
980,החצר האחורית,פצצה מתקתקת,0.7623066104078763,30,2014,2010
981,בית הבובות,איך אני רוצה,0.6888111888111889,28,2014,2010
982,הדס קליינמן ואביב בכר,סירת מפרש,0.6646586345381527,29,2014,2010
983,אריק איינשטיין וגיא בוקאטי,אדם בחדרו,0.8801261829652997,40,2014,2010
984,הדג נחש ויצחק קלפטר,יום שישי,0.6127864897466827,32,2014,2010
985,אתניX ואוהד מושקוביץ,גשם שלי,0.636237897648686,37,2014,2010
986,נתן גושן,דברי איתי יותר,0.5379825653798257,9,2015,2010
987,פאר טסי,דרך השלום,0.5376344086021505,4,2015,2010
988,אביב גפן ומתי כספי,מסתובב,0.5648854961832062,8,2015,2010
989,הדג נחש ואברהם טל,תן לי מנגינה,0.6047337278106509,7,2015,2010
990,התקווה 6,בעולם שלה,0.590612777053455,14,2015,2010
991,מוש בן ארי,רסיסים,0.6242424242424243,15,2015,2010
992,נדב גדג',Golden Boy,0.43311160384331115,1,2015,2010
993,שירי מימון,זכוכיות,0.6371359223300971,10,2015,2010
994,אליעד,מתוק כשמרלי,0.4984025559105431,12,2015,2010
995,עידן עמדי,קול זיכרון ישן,0.611764705882353,19,2015,2010
996,עברי לידר,האהבה הזאת שלנו,0.6259541984732825,20,2015,2010
997,קרולינה,שירת עבדים,0.8498845265588915,21,2015,2010
998,גיא ויהל,בא לי לדבר,0.6388888888888888,5,2015,2010
999,גיא ויהל,שמיים בוערים,0.6034985422740525,11,2015,2010
1000,שמעון בוסקילה,עכשיו אני חוזר,0.8113879003558719,6,2015,2010
1001,שמעון בוסקילה,למה לי למה לך,0.5319727891156463,2,2015,2010
1002,עילי בוטנר וילדי החוץ,טיפות,0.5714285714285714,3,2015,2010
1003,דניאלה ספקטור,לווייתן,0.6325581395348837,13,2015,2010
1004,הראל סקעת,צמרמורת,0.5390749601275917,26,2015,2010
1005,עילי בוטנר וילדי החוץ,על קצות האצבעות,0.7925170068027211,25,2015,2010
1006,רוני דלומי,איש של לילה,0.4322916666666667,24,2015,2010
1007,יובל בנאי,עוד שיר אחד,0.7231503579952268,30,2015,2010
1008,עברי לידר,הכול בוער,0.47447073474470736,29,2015,2010
1009,אריאל זילבר,לאן פנתה אהבתנו,0.5,32,2015,2010
1010,עברי לידר,ילדות והעיר הגדולה,0.4883720930232558,35,2015,2010
1011,שי צברי ונבחרת הגרוב של המזרח התיכון,לווי אותי,0.4566744730679157,16,2015,2010
1012,שרית חדד,חיכיתי לו,0.518918918918919,36,2015,2010
1013,ישי לוי,עכשיו הוא חול,0.6108949416342413,34,2015,2010
1014,קפה שחור חזק ונצ'י נצ',יהיה בסדר,0.5547866205305652,23,2015,2010
1015,גבע אלון,אבא,0.6743589743589744,31,2015,2010
1016,קובי אפללו,לצידך,0.7210884353741497,40,2015,2010
1017,יובל דיין,בשעה טובה,0.4838160136286201,39,2015,2010
1018,עידן רייכל,לפני שייגמר,0.2936,8,2016,2010
1019,עידן רייכל,מעגלים,0.7593984962406015,10,2016,2010
1020,סאבלימינל ועדן גבאי,שרוטים,0.5905797101449275,2,2016,2010
1021,סטטיק ובן אל תבורי,סלסולים,0.5947176684881603,1,2016,2010
1022,אברהם טל,הימים עוברים,0.638235294117647,14,2016,2010
1023,אליעד,רוחות,0.4248847926267281,4,2016,2010
1024,יובל דיין,ליבי ער,0.36768149882903983,12,2016,2010
1025,דודו אהרון,הגורל הזה,0.7912280701754386,15,2016,2010
1026,אברהם טל,בוקר פרדס חנה,0.7233809001097695,17,2016,2010
1027,עומר אדם,אחרי כל השנים,0.4297153024911032,18,2016,2010
1028,אליעד,מיאמי,0.3852376137512639,7,2016,2010
1029,יהודית רביץ,דבר איתי באביב,0.5617977528089888,21,2016,2010
1030,אביאור מלסה,קיץ,0.460840890354493,6,2016,2010
1031,מוש בן ארי,פתאום,0.525,19,2016,2010
1032,דודו טסה,הגולה,0.6527545909849749,24,2016,2010
1033,חנן בן ארי,החיים שלנו תותים,0.5368589743589743,5,2016,2010
1034,עידן עמדי,עד שיעלה היום הבא,0.5716272600834492,26,2016,2010
1035,אליעד,אור,0.433502538071066,3,2016,2010
1036,עדן בן זקן,פיסה מזיכרוני,0.528554070473876,28,2016,2010
1037,שלמה ארצי,ואולי,0.5562310030395137,29,2016,2010
1038,אניה בוקשטיין,הכול עוד לפניי,0.5939849624060151,23,2016,2010
1039,רותם כהן,זה לא את,0.4037319762510602,20,2016,2010
1040,ארז לב ארי,את חירותי,0.5896860986547086,22,2016,2010
1041,אמיר דדון,לבחור נכון,0.5783475783475783,16,2016,2010
1042,דיקלה,הוא כותב לי מאמי,0.4222873900293255,25,2016,2010
1043,ארז לב ארי,נחום וציונה,0.7490445859872611,33,2016,2010
1044,עברי לידר ועופר מאירי,אור ראשון,0.5957446808510638,37,2016,2010
1045,בלקן ביט בוקס,I Trusted U,0.4782103428239396,36,2016,2010
1046,"האולטראס, איתי לוי ואילון מתנה",מסיבה בחיפה,0.44203821656050957,9,2016,2010
1047,רוני דלומי,תסתכל עליי,0.5362485615650172,38,2016,2010
1048,שלמה ארצי וישי ריבו,והאמת,0.5074224021592443,34,2016,2010
1049,"מופע הארנבות של ד""ר קספר",בוקר חדש,0.5094339622641509,27,2016,2010
1050,שלמה ארצי ודיקלה,מחמל נפשי,0.6061120543293718,31,2016,2010
1051,הדג נחש ושי צברי,שמש,0.4531590413943355,39,2016,2010
1052,עדן בן זקן,רציתי,0.7643504531722054,2,2017,2010
1053,אייל גולן,תבואי היום,0.5461928934010152,1,2017,2010
1054,אייל גולן,יפה לך להיות מאושרת,0.411214953271028,9,2017,2010
1055,עדן בן זקן,אף אחד,0.6194926568758344,6,2017,2010
1056,שרית חדד,למה לי,0.6851549755301795,12,2017,2010
1057,משה פרץ,כוס של יין,0.42744063324538256,11,2017,2010
1058,אייל גולן,תחזיר לי אותה,0.40985324947589097,15,2017,2010
1059,עומר אדם,מביט מהצד,0.7034313725490197,17,2017,2010
1060,עדן בן זקן,הייתי חוזרת,0.5220700152207002,18,2017,2010
1061,אייל גולן ועומר אדם,מזל,0.48412698412698413,16,2017,2010
1062,עומר אדם,בסוף הכול חולף,0.6518987341772152,10,2017,2010
1063,סטטיק ובן אל תבורי,זהב,0.6344892221180881,8,2017,2010
1064,סטטיק ובן אל תבורי,טודו בום,0.5995717344753747,4,2017,2010
1065,שרית חדד,היית איתה,0.6563307493540051,23,2017,2010
1066,נתן גושן,26,0.5679214402618658,24,2017,2010
1067,אביאור מלסה,הכול,0.5398550724637681,14,2017,2010
1068,נתן גושן,חיכיתי,0.6768595041322314,26,2017,2010
1069,אביתר בנאי,פרגולה,0.7314949201741655,27,2017,2010
1070,דודו אהרון,מזל מאזניים,0.5355404089581305,28,2017,2010
1071,אליעד,תמיד חלמתי,0.4733257661748014,5,2017,2010
1072,חנן בן ארי,ויקיפדיה,0.636085626911315,3,2017,2010
1073,שמעון בוסקילה ואליעד,לנשום,0.3482905982905983,29,2017,2010
1074,סטטיק ובן אל תבורי,סתם,0.6005528680027643,19,2017,2010
1075,נצ'י נצ',כל הזמן הזה,0.6176911544227887,13,2017,2010
1076,מוטי טקה,בלבלה,0.6352785145888594,21,2017,2010
1077,עדן חסון,שמישהו יעצור אותי,0.5797665369649806,7,2018,2010
1078,עומר אדם,פעם בחיים,0.4587360594795539,8,2018,2010
1079,עידן רייכל,ואם תבואי אליי,0.3184713375796178,3,2018,2010
1080,עדן בן זקן,חיים שלי,0.4389312977099237,6,2018,2010
1081,עומר אדם,שני משוגעים,0.4781382228490832,2,2018,2010
1082,עומר אדם,חברות שלך,0.6310679611650486,10,2018,2010
1083,עדן בן זקן,תל אביב בלילה,0.6,14,2018,2010
1084,עברי לידר,נסיכה שלי,0.45519348268839105,16,2018,2010
1085,איתי לוי,שתישרף האהבה,0.5655737704918032,15,2018,2010
1086,עומר אדם,אוהבת אותי אמיתי,0.551789077212806,18,2018,2010
1087,נדב גדג',אולי נדבר,0.5078125,5,2018,2010
1088,אייל גולן,האם להיות בך מאוהב,0.5439429928741093,21,2018,2010
1089,ישי ריבו,אחת ולתמיד,0.4412024756852343,20,2018,2010
1090,סטפן לגר,קומסי קומסה,0.4763681592039801,4,2018,2010
1091,עברי לידר,מוגזם,0.6401617250673854,24,2018,2010
1092,ישי ריבו,לשוב הביתה,0.46412037037037035,12,2018,2010
1093,בניה ברבי,מישהו איתי כאן,0.42958459979736574,13,2018,2010
1094,עידן רייכל,בראשית,0.5335515548281505,27,2018,2010
1095,נסרין קדרי,לומדת ללכת,0.6113207547169811,17,2018,2010
1096,נצ'י נצ',כפרה שלי,0.6374501992031872,19,2018,2010
1097,נועה קירל ואגם בוחבוט,אצל הדודה והדוד,0.654357459379616,29,2018,2010
1098,חנן בן ארי,מה אתה רוצה ממני,0.5265225933202358,28,2018,2010
1099,ישי ריבו,הינה ימים באים,0.4371700105596621,26,2018,2010
1100,אליעד,סוף השבוע,0.44188722669735325,30,2018,2010
1101,עילי בוטנר ואביב אלוש,הכי קרוב אלייך,0.4639358860195904,9,2018,2010
1102,ריטה ומשי קלינשטיין,קחי לך,0.4592422502870264,23,2018,2010
1103,נטע ברזילי,באסה סבבה,0.3419293218720153,10,2019,2010
1104,איתי לוי,קירות,0.532043530834341,2,2019,2010
1105,חנן בן ארי,אלוף העולם,0.5316455696202531,11,2019,2010
1106,ישי ריבו,הלב שלי,0.4482758620689655,6,2019,2010
1107,נתן גושן,באתי לחלום,0.6101108033240997,14,2019,2010
1108,בניה ברבי,תפסת לי מקום,0.7170212765957447,8,2019,2010
1109,אושר כהן,ברגעים שאת הולכת,0.576271186440678,13,2019,2010
1110,נוי פדלון,סוודר,0.43490838958534234,16,2019,2010
1111,עדן חסון,כפיות,0.6703910614525139,18,2019,2010
1112,אליעד,מסע,0.6509090909090909,15,2019,2010
1113,ים רפאלי,שהכאב ימצא לו חברים,0.48866498740554154,17,2019,2010
1114,מרגי,הזוג הזה,0.3287560581583199,20,2019,2010
1115,אייל גולן ובניה ברבי,ממה את מפחדת,0.4963680387409201,4,2019,2010
1116,אומני ישראל,שבט אחים ואחיות,0.580952380952381,5,2019,2010
1117,גיל ויין ורון בוחניק,צבעים,0.43452380952380953,7,2019,2010
1118,לירן דנינו,יש ימים,0.5491573033707865,9,2019,2010
1119,דניס לויד,Never Go Back,0.556640625,12,2019,2010
1120,עדן חסון,סיבובים,0.383399209486166,9,2020,2020
1121,חנן בן-ארי,שמש,0.47897196261682246,6,2020,2020
1122,עדן בן זקן,אגרוף,0.4857142857142857,8,2020,2020
1123,חנן בן-ארי,אם תרצי,0.6228070175438597,2,2020,2020
1124,אברהם טל,שבוע טוב,0.565068493150685,11,2020,2020
1125,עדן חסון,את חסרה לי,0.5696335078534032,13,2020,2020
1126,יהונתן מרגי,לא יוצא למסיבות,0.43113207547169813,14,2020,2020
1127,עקיבא תורג'מן,אל תעזבי ידיים,0.5694294940796556,7,2020,2020
1128,עידן רפאל חביב,שלמים,0.5794270833333334,1,2020,2020
1129,ג'ירפות,יש לי חור בלב בצורה שלך,0.2464065708418891,19,2020,2020
1130,נתן גושן וישי ריבו,נחכה לך,0.5248713550600344,10,2020,2020
1131,סטטיק ובן-אל תבורי עם נסרין קדרי,חביב אלבי,0.433886662850601,16,2020,2020
1132,נועה קירל,אם אתה גבר,0.32360922659430125,21,2020,2020
1133,אייל גולן,רכבת הרים,0.548922056384743,23,2020,2020
1134,אמיר דדון ושולי רנד,בין קודש לחול,0.3941717791411043,12,2020,2020
1135,איתי לוי,חצי בשבילי,0.39445300462249616,25,2020,2020
1136,קרן פלס ורוני אלטר,באת לי פתאום,0.4843462246777164,15,2020,2020
1137,דולי ופן עם דיקלה ועידן חביב,ואז את תראי,0.45376955903271693,4,2020,2020
1138,עדן חסון,מה עבר עליי,0.3721122112211221,29,2020,2020
1139,אליעד נחום,איפה את,0.33641975308641975,30,2020,2020
1140,עידן עמדי,אני רוצה,0.6401137980085349,31,2020,2020
1141,נועה קירל עם שחר סאול,מיליון דולר,0.36786296900489396,3,2020,2020
1142,דניס לויד,Alien,0.2848258706467662,17,2020,2020
1143,עקיבא תורג'מן,פשוטים,0.44649021864211735,24,2020,2020
1144,נתן גושן,חזרי אלי,0.4204035874439462,37,2020,2020
1145,ישי ריבו,כתר מלוכה,0.485921889191644,27,2020,2020
1146,ישי ריבו,סדר העבודה,0.5221036585365854,34,2020,2020
1147,עומר אדם,מים שקופים,0.5515587529976019,40,2020,2020
1148,בניה ברבי,קחי את הפחדים,0.3761658031088083,33,2020,2020
1149,בניה ברבי,במקום הכי רחוק,0.5709677419354838,36,2020,2020
1150,פול טראנק,עוד יום,0.47774480712166173,35,2020,2020
1151,דודו אהרון ועדן מאירי,בחלומות שלנו,0.4284210526315789,26,2020,2020
1152,יהונתן מרגי וסטפן לגר,דיבור נגוע,0.4613445378151261,28,2020,2020
1153,אמיר ובן וג'יין בורדו,תל אביב זה אני ואת,0.49938800489596086,32,2020,2020
1154,יסמין מועלם עם שקל,מסיבה,0.43890020366598775,39,2020,2020
